,PC1,PC2
matches_played,-0.2008521078002847,0.717277366663849
win_rate,-0.15765888641900522,-0.6141578121788791
goals_per_match,-0.554774555929212,0.2379923923242616
assists_per_match,-0.5273086995140347,-0.1353257466295413
saves_per_match,0.5907392265929737,0.18267436740374773
