,dataset,component,explained_variance_ratio
0,Community A,PC1,0.32644562048389664
1,Community A,PC2,0.22673132592889947
2,Community B,PC1,0.27642848537953
3,Community B,PC2,0.2575051197053161
