,dataset,k,silhouette_score
0,Community A,4,0.24420884373657908
1,Community B,4,0.22967579434434388
